mutation_code	pos	mutated_chain	ddg	dtm	effect	PDB_wild	pdb_mutant	method	measure	ph	temperature	PMID	DOI	reference	year	source	rsa	sst	ca_depth
C111S	0	A	0.8	2.8	stabilizing	1SPD		Thermal	DSC	7.8	348.05	2254318		J BIOL CHEM 35, 21612-8 (1990)	1990	Homo sapiens	0.27	None	2.63
C6A,C111S		A	0.5	2.4	stabilizing	1SPD	1N18	Thermal	DSC	7.8	348.05	2254318		J BIOL CHEM 35, 21612-8 (1990)	1990	Homo sapiens			
C6A	0	A	0.1	0.8	stabilizing	1SPD		Thermal	DSC	7.8	348.05	2254318		J BIOL CHEM 35, 21612-8 (1990)	1990	Homo sapiens	0.0	Strand	2.33
C6A,C111S		A	0.5	2.4	stabilizing	1SPD	4SOD	Thermal	DSC	7.8	321.05	2254318		J BIOL CHEM 35, 21612-8 (1990)	1990	Homo sapiens			
A4V	0	A	-7.2		destabilizing	3ECU		GdnHCl	CD, Fluorescence	7.4	298.15	20232802	10.1021/jm901062p	J MED CHEM 7, 2709-18 (2010)	2010	Homo sapiens	0.0	Strand	4.48
H46R	0	A	0.8		stabilizing	3ECU		Thermal	CD	7.8	298.15	21257910	10.1073/pnas.0913021108	PROC NATL ACAD SCI U S A 6, 2210-5 (2011)	2011	Homo sapiens	0.0	Strand	7.62
H46R	0	A	0.8		stabilizing	3ECU		Thermal	CD	7.8	310.15	21257910	10.1073/pnas.0913021108	PROC NATL ACAD SCI U S A 6, 2210-5 (2011)	2011	Homo sapiens	0.0	Strand	7.62
E100G	0	A	-2.5		destabilizing	1N18		Thermal	CD	7.8	298.15	21257910	10.1073/pnas.0913021108	PROC NATL ACAD SCI U S A 6, 2210-5 (2011)	2011	Homo sapiens	0.54	Strand	2.37
E100G	0	A	-2.4		destabilizing	1N18		Thermal	CD	7.8	310.15	21257910	10.1073/pnas.0913021108	PROC NATL ACAD SCI U S A 6, 2210-5 (2011)	2011	Homo sapiens	0.54	Strand	2.37
G85R	2	A	-1.4		destabilizing	1N18		Thermal	CD	7.8	298.15	21257910	10.1073/pnas.0913021108	PROC NATL ACAD SCI U S A 6, 2210-5 (2011)	2011	Homo sapiens	0.02	Strand	4.04
G85R	2	A	-1.2		destabilizing	1N18		Thermal	CD	7.8	310.15	21257910	10.1073/pnas.0913021108	PROC NATL ACAD SCI U S A 6, 2210-5 (2011)	2011	Homo sapiens	0.02	Strand	4.04
H46R	0	A	1.4		stabilizing	1N18		Thermal	CD	7.8	298.15	21257910	10.1073/pnas.0913021108	PROC NATL ACAD SCI U S A 6, 2210-5 (2011)	2011	Homo sapiens	0.0	Strand	9.04
H46R	0	A	1.3		stabilizing	1N18		Thermal	CD	7.8	310.15	21257910	10.1073/pnas.0913021108	PROC NATL ACAD SCI U S A 6, 2210-5 (2011)	2011	Homo sapiens	0.0	Strand	9.04
V148I	0	A	0.1		stabilizing	1N18		Thermal	CD	7.8	298.15	21257910	10.1073/pnas.0913021108	PROC NATL ACAD SCI U S A 6, 2210-5 (2011)	2011	Homo sapiens	0.15	Strand	2.69
V148I	0	A	0.4		stabilizing	1N18		Thermal	CD	7.8	310.15	21257910	10.1073/pnas.0913021108	PROC NATL ACAD SCI U S A 6, 2210-5 (2011)	2011	Homo sapiens	0.15	Strand	2.69
H46R	0	A		5.0	stabilizing	1N18		Thermal	CD	7.8	320.75	21257910	10.1073/pnas.0913021108	PROC NATL ACAD SCI U S A 6, 2210-5 (2011)	2011	Homo sapiens	0.0	Strand	9.04
V148I	0	A		3.4	stabilizing	1N18		Thermal	CD	7.8	320.75	21257910	10.1073/pnas.0913021108	PROC NATL ACAD SCI U S A 6, 2210-5 (2011)	2011	Homo sapiens	0.15	Strand	2.69
G85R	2	A		-6.9	destabilizing	1N18		Thermal	CD	7.8	320.75	21257910	10.1073/pnas.0913021108	PROC NATL ACAD SCI U S A 6, 2210-5 (2011)	2011	Homo sapiens	0.02	Strand	4.04
E100G	0	A		-14.4	destabilizing	1N18		Thermal	CD	7.8	320.75	21257910	10.1073/pnas.0913021108	PROC NATL ACAD SCI U S A 6, 2210-5 (2011)	2011	Homo sapiens	0.54	Strand	2.37
D91A	0	A		-7.17	destabilizing	1AZV		Thermal	Fluorescence	7.4		25762331	10.1016/j.bpj.2015.01.014	BIOPHYS J 5, 1199-212 (2015)	2015	Homo sapiens	0.44	None	2.0
A5V	0	A		3.63	stabilizing	1AZV		Thermal	Fluorescence	7.4		25762331	10.1016/j.bpj.2015.01.014	BIOPHYS J 5, 1199-212 (2015)	2015	Homo sapiens	0.02	Strand	4.75
T3D		unsigned		-1.7	destabilizing			Thermal	CD	7.4		27667694	10.1016/j.str.2016.08.011	STRUCTURE 11, 1898-1906 (2016)	2016	Homo sapiens			
T3D, A5V		unsigned		0.9	stabilizing			Thermal	CD	7.4		27667694	10.1016/j.str.2016.08.011	STRUCTURE 11, 1898-1906 (2016)	2016	Homo sapiens			
