position,wt,mut,ddg_pred,ddg_corr,in_reference_sets,ood_wt_pro
240,SER,CYS,6.4519,6.5236,False,False
245,GLY,CYS,5.9806,6.0523,False,False
246,MET,CYS,5.9474,6.0191,False,False
273,ARG,CYS,5.8417,5.9134,False,False
241,SER,CYS,5.5269,5.5986,False,False
189,ALA,ARG,5.6083,5.4811,False,False
243,MET,CYS,5.1527,5.2244,False,False
161,ALA,GLU,5.1483,5.1694,False,False
161,ALA,TYR,5.1888,5.1469,False,False
247,ASN,CYS,5.0386,5.1103,False,False
138,ALA,GLU,5.0615,5.0826,False,False
138,ALA,CYS,4.9729,5.0446,False,False
161,ALA,ARG,5.0587,4.9315,False,False
123,THR,CYS,4.8059,4.8776,False,False
239,TYR,CYS,4.346,4.4177,False,False
110,ARG,ILE,4.5088,4.3179,False,False
244,GLY,CYS,4.2444,4.3161,False,False
189,ALA,TYR,4.332,4.2901,False,False
215,SER,LEU,4.2308,4.2368,False,False
279,GLY,MET,4.1533,4.2229,False,False
161,ALA,HIS,4.1965,4.1996,False,False
129,ALA,HIS,4.1719,4.175,False,False
276,ALA,CYS,4.1032,4.1749,False,False
178,HIS,CYS,4.08,4.1517,False,False
138,ALA,MET,4.0775,4.1471,False,False
